<included>

<!-- 	<logger name="org.apache.ibatis" level="DEBUG" /> -->
<!-- 	<logger name="org.mybatis.spring" level="DEBUG" /> -->
<!-- 	<logger name="org.springframework.jdbc" level="DEBUG" /> -->
	<logger name="org.mybatis.spring.transaction" level="DEBUG" />
	<logger name="org.apache.catalina.webresources.Cache" level="ERROR" />
	<logger name="org.springframework.boot.context.embedded" level="INFO" />
	<logger name="com.atomikos.icatch.config.UserTransactionServiceImp" level="ERROR" />
	<logger name="com.atomikos.jdbc.AbstractDataSourceBean" level="ERROR" />
	
	<logger name="com.jeesite" level="DEBUG" />
	<logger name="com.jeesite.common.i18n" level="INFO" />
	<logger name="com.jeesite.common.shiro" level="INFO" />
	<logger name="com.jeesite.common.mybatis" level="INFO" />
	<logger name="com.jeesite.common.mybatis.mapper" level="DEBUG" />
	<logger name="com.jeesite.common.io.FileUtils" level="INFO" />
	<logger name="com.jeesite.common.cache.JedisUtils" level="INFO" />
	<logger name="com.jeesite.common.web.view.JstlView" level="INFO" />
	<logger name="com.jeesite.modules.job.service.JobService" level="INFO" />
	
</included>